velocity,mass,distance,force,time,acceleration
17.197621767238935,7.988727480978326,31.397724257815852,245.42238493961253,5.433676020596612,238.8194166122077
18.849112552583602,10.038518549250742,61.310546518460214,162.51371065739056,5.899544753321039,187.66238684745485
27.79354157074562,7.845158693776036,44.72765742766079,183.91969650560196,4.010467797711124,214.21315454477548
20.35254195712288,11.425406650488565,66.65990899987419,142.61146247703726,4.9472005984775205,173.14051545836077
20.64643867580473,12.169550179721291,38.60799360026596,217.71760982246772,5.823610902622057,216.59245336192956
28.575324934416408,5.550024607025175,51.43623234662748,221.2399891194511,4.744490897452612,260.0921731295452
22.30458102994601,12.471386924600287,39.004490582972494,232.4173675612041,4.779315652748787,220.05617867343312
13.67469382696733,7.517911006383018,59.03516426361675,139.0094984241549,5.307726791210618,160.11408278634013
16.565735740532368,10.909538537965267,64.83779488738085,205.3617517377382,4.9399867466667295,207.0729143965588
17.77169014950021,11.319805276285216,69.50721006401152,152.7971154175077,4.444347110060782,167.21319221314636
26.120408987197308,9.600220343797133,57.976006575895184,199.98076756419883,4.861384980539109,227.23543624889237
21.799069135286818,8.709772086280417,68.43266254577821,267.131196000304,6.882839792386471,284.9103779347164
22.00385725297026,10.3306420424841,62.464239086616466,174.82373565328623,5.873668679606029,204.3354005928376
20.5534135797256,10.877637401428908,48.68125088175985,235.83416604694125,4.085402927172376,243.06629087585756
17.220794326229626,11.76660563989741,54.770372382847,162.51657079581526,3.75508237766868,174.39483961195867
28.93456568401539,5.8953260321960945,40.280057885240666,176.07358947748475,4.640017759317392,223.20243213881912
22.489252391146195,6.727241463881951,48.147978305990065,221.93608752933082,6.328774700947984,243.28125018035553
10.16691421685181,12.860804682376365,62.20963708348822,166.0443864771066,5.292679118416953,162.09155992168542
23.50677950781843,12.093257694223094,55.4128414348235,114.85175824272824,4.298494763159338,152.1951998114322
17.63604296136033,10.870577897815364,54.5735733162533,263.25842176066647,5.882234567818021,259.38326406735194
14.660881470065775,11.43035681422212,39.61868960312795,218.01786189399232,4.866629611277108,198.1530476527218
18.910125426708525,11.834349835282007,43.95486769665883,170.81802797199552,3.879321500708582,172.53526222909912
14.8699777584638,4.678154403068638,42.353939862464316,100.29606063346996,5.461192454211789,140.34905972621118
16.355543853544297,12.22055419327764,53.95295870013499,295.11048856996524,6.5241428101788115,275.8468232601762
16.874803660753717,9.03002480687535,40.094923695334415,369.5185410635771,5.434468298132828,342.1407507104951
11.566533446287933,10.461233661262403,55.62041390099052,210.37402036777283,5.192000371138929,205.7179031886138
24.188935222472622,9.409684398232846,38.835835880664575,242.49033237555946,4.343756871582942,247.59284836165267
20.766865589182576,11.743929908157488,68.28530458135364,261.228015603708,5.568398530869527,266.0256720618083
14.309315314940262,9.303055102088779,54.605913494781035,164.90977832306956,3.9294294651096147,177.79299166641525
26.269074605349633,11.037007531776496,42.989963877467304,182.440188522173,3.346850975519109,202.94242997958173
22.13232110738407,9.218630042722042,52.41045932501223,113.64394816774019,4.9566472315062455,157.3374618300555
18.524642585038645,7.814425581796988,46.47546800772044,163.17108838640638,4.965406494200962,183.82962395679843
24.47562830522511,12.42002102088053,53.71147959759657,231.1204891443057,7.3650555320028115,239.87486774992232
24.39066743766521,11.481800022548548,52.435327187603,185.4642005379565,3.7836526921081015,205.42995337791086
24.107905408187435,13.448524478312905,39.85885827338525,189.28942329084614,5.170906323349044,200.5142374020502
23.443201270500456,10.130307865158606,42.0868612118053,194.3720224248742,5.805053093622194,223.15394191039536
22.769588267687944,12.250005491656347,52.99593684739563,106.81665087521976,6.050592844115885,137.4979233849356
19.690441447116392,13.950838108038157,66.39051908751561,241.8814967115835,4.989275515340676,240.08097089661263
18.470186681300415,9.437035769922067,60.84617008670922,127.82535555322895,4.256743858570748,162.11021737861827
18.097644994938086,7.354097774489569,43.75432526381906,189.57149187921758,4.934215948130013,211.4751073564084
16.526465105397435,9.521296865723768,58.25922901647494,178.0718268970585,6.939755991937159,193.19234034438873
18.960413609902005,9.571917520029233,49.514316472437116,189.07030915719008,5.482739008175833,206.76544100867275
13.673018242158678,10.303361009018639,53.013136517184044,272.9982972367893,2.955522927441926,252.9486563262361
30.844779826692562,13.424609954638566,52.60361490736558,170.89700410423154,6.423459128650249,199.25943786830163
26.039809991524955,9.347712214989304,75.75449763723391,160.8451202144052,5.540502660915081,212.01738682909703
14.384457083983254,10.74600931160983,38.14711189412776,124.01730025280774,4.966428228162475,132.8004135856962
17.985575823504618,9.544631870208939,51.00919859012857,159.71509591943754,4.982136378889901,180.03379102604273
17.666723231883907,10.040901417050065,32.200227120323845,141.6907646316131,4.850210280206596,149.03626541477018
23.89982559168159,10.628115327012525,55.898359229587584,220.3973098124148,5.25655948095525,247.04206166811795
19.583154667640855,12.656429392073973,60.966084717214045,156.84978769960617,4.496133066962983,177.23053332303476
21.266592569973774,10.242636754981556,64.45662241101154,215.2021017514068,5.277011251660008,232.23877223086393
19.857266223256484,11.425684640062226,30.74854748162879,192.67862560760398,4.068643975179259,194.57136337104504
19.78564771354342,11.55772005956707,54.1276949719403,128.32189100445981,5.200146875274757,146.34714393136736
26.843011420072287,11.829546541711268,65.93369951383652,160.4696107138651,6.106837420666445,198.01142703927468
18.871145071703662,8.851210895631233,45.85984136957697,244.25562275288388,5.509206113653802,254.80367500749253
27.5823530221477,13.253762428389354,47.878494679180505,245.15380429772839,6.033749676451112,253.57213749355523
12.256235978848894,9.238086521411974,49.63462777795259,300.27866371503137,3.9091312381973826,282.2546059717371
22.923068748180345,9.788431664700497,53.650187514330355,199.82098458001096,5.054792784472597,219.6353030991925
20.61927121922307,12.808100535428343,56.65159875745969,125.208659300893,5.617250302722063,138.24271110415734
21.079707843719863,12.588167812291161,63.17820883711482,161.57914864924203,3.9319951322667155,176.74426555908687
21.89819741379941,7.820016255177524,49.04512409555008,220.42442524200743,6.56581433705846,242.16084825420978
17.488382734453488,8.253857999165072,51.96278045472469,295.0068167447361,3.9651919890147385,295.38258663275514
18.3339630816529,7.2838418812587715,74.87997877221461,205.50045617198614,5.16451870850584,231.43652228098028
14.907123084464557,10.363694385239665,54.310989281149915,257.01934125642344,5.151832330355081,250.6017742113692
14.64104386762211,10.329681735836932,51.887531093298335,238.40406523461306,5.121670301966854,227.81846926762552
21.51764320702129,10.728229374710125,36.577568747165515,141.59541889413333,4.789575416356532,154.51779969666742
22.24104889314713,11.104315428437115,50.02856047622227,191.44436738675708,5.449936787146204,203.62724761213494
20.26502113365252,8.796214308029967,47.78673846833119,265.26307681738416,3.9688355081025373,273.0437936301098
24.611337339398688,8.012602817802572,49.88954170190626,243.80480547979568,3.7106358117767773,265.440985627399
30.250423428135722,12.053570112149808,44.245823587288335,223.1898070783899,4.345431361886754,244.50136680559672
17.544844169717322,11.502122605212646,43.13184347557299,223.85571226884394,4.94267589615222,224.22513868806905
8.454155621795937,6.981666925342598,42.79226368179878,175.4297349895299,6.256747820357046,174.96622704695542
25.028692622311283,9.809705098301427,47.85495484600226,134.0307343327899,6.587454139864543,175.45940073321376
16.453996187088038,8.208104354487002,63.68132648028627,264.77128954156535,5.319481462544746,270.96874276728533
16.55995691766321,5.858497858916072,60.490866265593276,128.98902541665356,5.381591622693148,161.8079565346733
25.127856848483496,10.300240262376287,46.40024882056944,153.05520401470852,4.756355116360555,177.97850209502178
18.576134964744956,9.841576581482823,33.1408354546126,231.44824962599202,5.048053084053034,227.17890189881666
13.896411438727322,9.805261464973839,41.55416571464046,136.89027253051995,3.5954541388982078,145.08767088009935
20.906517398745752,10.432305083602465,45.42239466759492,172.4064793363604,5.289933728895765,187.48060884960864
19.305543187804776,11.764930328793174,51.03638004228304,140.86002466087612,4.464446417706255,153.23671854669914
20.028820929499435,10.411195008966773,43.373927242991854,231.0331778864475,5.334678773100549,222.88512121995754
21.92640200563165,8.767128314252943,70.06680690831891,222.31565083190478,4.654018660845498,249.5445485766615
18.146699841037954,8.530401496157438,47.277324655816486,221.0942346636844,4.338384265163553,226.24746310451923
23.221882742594165,9.736394413917639,37.860555297604904,222.12323860728185,4.780888623197954,233.7805881287667
18.897567190906248,10.620033973157904,48.587382427174866,227.86228731894695,4.633095089366293,221.7387370988824
21.658909819578483,7.920639294595917,39.94622418406586,231.96782459852585,6.09457820784237,237.97846116142418
25.48419506574674,9.631382262315233,51.56155707275327,101.5669221662889,5.209208082437128,146.36571236425138
22.175907454169014,11.934534520335827,52.336336140898695,192.5591819320066,5.432491426153216,199.84839442445647
18.370342072343867,9.783439817531027,53.55587611628384,205.62319062759502,3.7591464141992237,204.39080562000785
25.74403809225547,8.60315866481122,33.781417408757854,236.233810132388,6.496821709628017,255.21956660397643
24.967519279810595,9.448109663148921,52.20711290970649,140.62569619973576,5.159370441160762,182.43822534530509
22.74198479754035,12.22929709072396,53.10450080541646,175.01999050920435,4.143718596596747,186.43008081785314
21.193658675557206,11.100087922428273,35.78891552495512,146.3178504624421,5.309046645446821,160.6390753415981
16.860469619803144,12.47335160016321,59.55365639730411,252.862010635484,5.870434029844877,241.50310766506698
26.80326224265004,10.278195714323543,57.84170879094337,263.9536291604667,3.616322861698439,279.86231394248705
16.998702064264364,10.82055019298085,72.99619361154446,239.38383626796164,6.690106970030561,249.4276883197636
30.936664965082883,8.883086175303735,51.56702987375728,138.87983087115046,4.841969294821638,185.0271027254892
27.663053130925945,11.210741337860666,50.467335275180005,222.59760583683268,6.121170780648645,240.3163030068181
18.821498204497615,8.987332915621522,50.96585834082436,257.5224593190458,5.072261319088915,254.47988029927188
14.867895498466096,7.158868990608511,50.69766230900301,208.39704903682295,4.667577155433276,219.5088914531792
16.447967181503493,10.25598593136825,31.515272246623333,171.69453335520151,3.1650799533731355,172.84390354550533
21.284418545782646,13.891702435462872,33.28872941357756,145.6940879694325,3.8998277814128084,151.8254810117101
18.766540607688132,11.601828679146124,49.22461033208797,166.73486022199222,4.958659700082569,173.95132958461966
18.262287003011334,12.33050677989252,44.18932619433502,235.74241779746694,5.827852545117143,220.03258167798552
15.241907163674922,10.717711446186305,50.54736525057425,178.41694498090362,3.118321345845428,183.66977893334146
19.7748613759554,8.782885643367552,28.887916267394687,211.3807469970044,6.375441112324244,215.42748848462378
16.07547765271462,9.595518289779433,35.01301745473242,264.74728978351527,6.398990464302976,252.07026493686638
11.660290317059317,9.45350378637615,38.985165610612576,228.91674702347274,3.8566837440890596,218.5317152395752
18.09886739856119,9.062600440435826,59.86058221060247,268.23363907367695,5.4723005621931105,267.26800751133936
24.59498304530383,11.408334567859432,39.01509992909884,114.92100986697969,3.966360786645789,148.0789380535563
17.12326518695804,7.605272995269177,42.004860464234696,185.96618601431038,4.874800021311716,196.45233298757714
23.039821611125166,11.732732264225547,50.79873818674053,203.25340097460966,5.928662738846683,214.21059130212163
11.91058645855418,11.728304972451786,46.772536381748914,228.92946458042573,5.868339647698772,212.93987660742835
19.722190172377303,7.602755281862503,51.46417178667962,141.5396689235515,4.150825396366522,173.77627227011212
22.59703601971731,11.278983995801067,73.05061982045692,240.30924277236443,4.613363545524434,256.0137912721595
21.50576681083357,14.860453304689017,38.75396328741763,215.36950380811666,4.023836429002834,201.63597693856718
20.528380970744717,8.885569036116783,46.94530360090195,213.19030068023585,5.339543659904915,225.0261412736822
16.796469958473118,11.689808482816144,44.83240550256267,225.42423958025228,3.440924835566227,203.7308406316404
15.751478269832088,8.435596308761193,65.12395426832454,194.18207800615028,2.370674558448639,205.11726058077386
14.879356046975435,12.221422836405601,42.305150771097225,246.27730492495567,6.469812281872859,233.25341242075166
20.58823298550063,10.499649439853124,49.179130962242816,232.4114886865745,7.273472912994724,240.26018457865453
15.262626929075989,13.30383078324633,57.871336143227076,192.48953129161504,4.544966459761172,193.80014291426647
17.547212781496658,7.082058542926169,39.414094640516,252.01885096703498,5.761102487094893,256.24194392861546
18.719539039008765,9.897404227749277,66.5517581574201,214.6279342473091,4.992497216290279,233.4420714275404
29.21931002616104,8.946149647748804,56.75762415474246,233.43756997197323,6.474313799715992,269.7207345887269
16.74025049152271,9.605470261847401,39.25793390469646,170.29111791878893,5.5541439325693815,170.16426357686535
21.176932861424284,8.74084251462799,54.54577809057738,279.02159184929604,5.203663965116151,284.4477950514565
20.389804247818553,8.33231283893,47.86692856766932,199.8005527825008,3.2008635482341283,222.50820848406775
15.190716829349357,11.1574447492329,53.13228771994334,242.39213844467378,6.082955680797754,234.11096141268527
19.643459569382006,7.824838571846145,49.100248029843364,194.99417370536545,4.649146384953144,215.59559819197216
27.222754292116743,12.968061863112567,60.705160367783435,186.01850465097004,3.5965099152849733,210.82044042739068
22.257520265396074,7.627586829372499,36.488996142966656,239.2219122640003,4.7982033350866695,251.23667405392834
20.2061646099647,10.20215830279056,44.77383302804084,120.76916777044127,4.873221840207696,144.7577872163901
17.887515838301876,11.065978573652961,47.50809322244601,223.9183073897015,6.059206872666154,221.31310230504832
9.733763892297421,11.17347067818525,40.042012751486666,219.67831864974073,3.832603967736004,197.81948721900724
25.65668606707088,9.39650667226724,39.600449562338056,65.23353154377418,4.442356372681555,112.81351084606781
12.69679964537589,10.159003990656801,49.82019759423338,218.41886642666285,6.48811992838316,213.3672977013838
23.699737554386672,11.922528303619355,48.678248671432655,91.57911263264972,6.358665768770031,128.9295066180387
29.545517846087417,7.087068165847148,24.50657225249568,232.990218844636,6.163214543902362,257.7768738808975
12.780534195141003,8.436520576935836,60.40573455719377,177.3043133309405,6.661523945347881,188.40919106853326
23.508921676873555,10.640804628633221,52.4972573598519,165.2531587382553,5.204030979829896,197.05101989411278
18.68901255298766,9.110436043326017,74.16207373148329,199.65768484136674,4.418116313130225,234.4848775382606
12.139279204272562,12.740007987942,56.85198238051097,268.6526022491995,5.555204061863422,255.12544017080353
12.426661731091244,11.346507726709671,45.53040691038008,168.2338461391053,6.058723125825928,164.9820760837288
11.992319132127033,10.144333504829511,77.97391146958097,227.90516469743883,7.413633271471049,226.86873880455144
17.345467389148485,6.984485364926639,78.32226023915507,217.05789342109387,3.035017667288812,241.3684398264509
12.691222075020502,10.052200450652483,37.8128818370982,141.02406854292215,5.273235703066818,149.26275820859095
23.43958386487914,9.367168263606015,54.69031955955424,112.94889913330151,5.654794582869646,158.85466738934142
30.50054470262836,9.795306972958805,47.8875308136785,100.37071143804285,4.945401344639617,147.12487118705457
13.564847619824105,7.636881545888629,51.870511465540126,227.56371057339445,3.4421777515148886,221.80279886702323
23.93869423737589,10.997316087659849,52.27542728568814,198.26289692343508,5.741500892086244,218.91444590588193
23.84521120500455,7.9220871193859335,37.38099537130948,292.5285851805311,4.22091425873608,296.0993049969193
21.661012894750588,9.54755603711518,52.855895802425614,228.68375541315226,5.505861498830512,246.6777604774133
14.958116958614962,10.762851658902704,67.49247363141797,242.48479455413042,5.90755170601785,248.30503885325672
19.402736966846707,8.432968421973904,48.359099958651974,266.7191792667477,6.283957010474594,265.6475201163753
18.598023324148766,11.165982811360129,48.370732893015465,174.9640451017513,3.4421362026144307,176.45487976504765
22.814947666102398,7.366979196696615,63.985720063374664,225.50489641142445,6.081741848179116,244.98574878541413
18.137806219480854,4.380450642078917,58.983962406829484,243.43966351220772,4.243018643053981,266.26716397912594
24.884866933428103,10.929935981571704,33.51505181618715,268.4675844001514,3.7109805261510393,268.2185479684295
18.12709571116493,11.681079653922,52.285569732621866,238.13255731631844,6.314320665919435,239.0105176229339
25.26355732789666,9.428309152817231,66.53547234677734,221.05735865186665,6.146259973264976,246.27957802206453
14.754114966669672,11.008252509183217,64.15276349919142,156.58879763643884,4.757416732294996,178.80560111272572
13.699223776209438,7.688166949832657,54.1995160381423,236.4780180478847,5.759540706238345,237.4046970978404
36.20519967471202,9.745702786348676,57.21220807112894,225.01329362091437,4.139674258576939,276.8947331180178
17.91571205919784,6.116963247918765,38.030647878113164,231.71251268534553,4.848968420947957,241.89633111879724
21.491137957703575,12.362361782877043,53.00131566881373,221.18225227861282,4.906276766239128,232.65261859885945
23.182848370169243,13.719821723086323,40.45551064812177,189.9080977644998,4.719259945495996,196.09236615645625
17.581096871456282,12.148024520563979,45.41981931903056,196.1567050782993,5.734098736497243,196.63128086762185
22.584310221568046,9.945306067172517,59.356036837796026,234.36820566407584,6.537327535495946,247.24853615315513
21.84482263692543,9.933339315448162,38.63106888308857,208.58157534622703,4.5442289372210976,214.09419450090715
18.92309746179153,6.967864753697802,52.669182508730586,158.49457128365057,4.9673415476442715,187.2883220838597
20.326465167626576,11.580770687776456,54.28332039471543,185.49204400971664,6.636757349165498,202.81142004072828
19.82966373130768,9.578531638616449,50.5491196983963,134.04371379117453,4.6709580294734625,160.2736044114585
30.642259495080907,8.68651414927785,68.22188821835415,151.64840486655442,2.395961829392896,203.35872734337113
16.293319518635858,7.175948414683383,39.776526714247495,192.76944649322414,5.513983786447931,204.35101760930684
14.52001866462668,9.400475006707456,56.061302614355995,110.09337218125373,4.113531988888743,130.49239913165752
20.188941995855394,8.301877729966584,49.11069432549333,115.57287627042106,4.0014615939960745,145.80840409019112
21.552403747215685,9.205938959344326,47.39167756166076,255.12825997180423,6.420816813584852,255.63813908676931
22.182617394550913,7.564800024472805,54.64091233852381,171.169053789428,7.447998007015231,211.32988827835058
17.70817333644447,13.375178965891397,39.795994093160694,107.41541352242562,3.960217458596457,117.29612566763791
14.683369330144044,9.967994945584062,36.865490834815944,194.35683802855127,6.0310251816667595,192.00938626914828
26.315925880447452,12.14989015454477,45.05519124516577,266.0534633610757,4.905852161630367,265.206732777275
18.251748060232227,4.796600659484696,67.51757149755448,233.11271484673205,5.1418074592204475,258.8364936374919
15.672435686733131,9.093604340010325,50.5576477461252,222.06915991768187,6.222236701456403,220.89765093432152
18.818602155294517,8.649035416815858,53.31434398227886,259.18729561399203,5.213674518441066,258.27113155837236
19.014120528257237,7.554147641268173,48.101533623224604,161.4249279449553,4.148634646139243,175.1847004109624
25.549601448568204,13.09321830844819,54.70492731953826,236.48445956760185,4.529591125257139,250.06245983677033
20.423686460985984,7.16943616046102,40.483204569828544,170.64571921105698,5.686135255298873,195.25626538802356
23.770268925922608,10.63678052081605,61.57910466568641,200.0382093181257,2.664052668140099,214.8625132011788
17.503539914138695,11.692872571159384,55.84705260241351,310.7232659670063,6.095244381848472,301.3924007811133
21.072226547908006,10.356380376836047,41.93547177308295,248.47171978546305,3.43284990116776,249.09265694881702
18.376570442545827,8.24948904500897,50.54553245811992,238.40038568586073,5.021931062818382,249.2425564949642
20.472917640867855,11.882331613448335,57.16331619499123,144.583604409092,4.80964102240804,165.6329907650579
15.523183210112292,10.341176163681675,55.57730982054603,160.68820400026434,6.293069486024345,173.68730023577228
13.445992333360142,7.873004187235914,64.81934015876881,314.20582401308,5.188849315056629,304.34031085741344
29.986066923739834,7.223901904795877,43.8701224510515,145.33496180133446,5.101939134905212,196.1798207832311
23.003544118362086,14.173434868986295,61.16136615490393,210.72396876425364,5.698135808858598,225.19341846511367
13.743643191875279,8.642993709163125,60.36548009941219,244.6285529818536,4.1729854438095675,251.65071160694913
16.944170416597895,6.28885669216392,48.375168680971456,250.93789861711292,4.804101143933624,254.6204736860942
14.072599577013449,11.066518725507304,40.24073307178115,254.45560054596191,6.177584413807768,232.81904283011934
30.9940517444186,10.620460512121792,39.10854809115484,191.84355050573927,5.683473620979851,222.1853401621626
26.56206488216755,7.292331328554804,54.57786957944971,158.95066514400014,3.724503293247473,216.39387854991878
18.674274716518234,6.1140871728361,49.288732662791055,184.63713835056802,5.63795636741088,207.67422025207594
22.71597029616045,9.767394965682788,67.79102666851449,154.8950995730268,3.6224103753962793,195.10337033996944
17.928300260405702,12.278792583418845,55.35137960496205,231.3534371557492,4.40168919628033,227.16570504413028
17.618765526922108,11.272248070364297,46.28055124836504,256.0177514213053,6.2109203838570055,246.29892799094424
16.056985810748788,9.014125151676046,39.74457751502886,306.3606776246763,2.7489548245541484,280.60377364951836
17.026913662702444,8.331623536831245,44.17598325394748,218.30571914658594,3.2209858091191714,219.5667792342444
28.25453733668345,10.54213351350109,53.42888392897331,156.26093114031573,6.3013726728264245,204.26684237321967
19.729859374572797,10.314706694432315,45.490653529433494,251.22374314966137,4.1852072159473455,250.02696437703273
20.596226182137922,11.259423493385455,55.1423012023069,245.2379446847655,6.243707018578911,252.9778943770301
21.21843714799546,9.208404099422207,46.65661947830218,188.08756520485866,4.8317497992438945,210.0513275617895
26.16237939242669,11.798708106406199,48.944400912055244,122.10725480638429,5.427775678362924,167.58700984874423
17.419680845276098,8.338376945327504,42.694903271921724,238.0654947696957,5.813278889629238,244.22209085112863
15.037464248039813,9.338910599760073,69.05043584908705,256.4572197820813,4.348788130639956,251.13681587820827
28.37848466201595,11.48162904745181,53.32621731470394,185.2446084647033,4.6954090768533945,209.04643454874045
17.79418391547357,11.979943217254226,52.30633640499451,226.81214091790127,4.584902830354364,216.18149779357515
16.384670150300632,6.122990597093241,33.08137585115933,186.20547626247446,7.816084276022378,187.38683000944542
13.818634405583534,10.214380814032307,56.597918995493274,234.11576225687566,5.12614706909758,236.72858591492673
13.576421388411017,11.217558023469259,39.76376411120288,194.13546426425756,5.472800423111085,184.43100343667632
17.130132603510067,7.098351373018737,41.08478425645703,182.7662068039969,4.65924645905905,198.68429173650864
23.089929085832644,10.961251199750434,59.18341171021649,205.58102490986053,4.7582093573453905,230.39803365714835
25.549240694648592,8.343651459206406,45.4729935349177,185.82973425088522,6.3787546688573125,214.4767797102286
23.53794176917794,12.040506024328858,32.516277199968194,170.44914177728575,4.661116330462609,179.8886537395648
18.181713514523736,11.076964064205281,67.69904109889356,184.2031534378801,5.020136302760761,203.62606348794594
20.298749686923003,11.53810458999122,26.225930746074795,199.59239238372325,5.376962164141068,197.9649042391881
16.47701768159965,10.241438658574069,55.728115298595846,210.3747570359237,4.568276254962123,211.37442080001665
16.41390919212995,11.727296868315507,60.172492490846096,276.6211810812919,6.959064156177033,273.1217931740685
24.4232524948846,12.761029056629075,43.69032133339466,132.1001084523258,3.5715403877788274,156.17415347132052
14.922037106982279,13.932496030911267,54.44287051411554,190.01904747235287,7.011292979845626,186.35795234633179
29.77646982746232,9.94320989050187,54.391303883885556,231.5761563890413,4.648408111120821,253.04059464898106
19.54840203017074,5.50189781933519,60.406231529145124,288.1010451721433,6.35711964684949,305.9774099527403
21.072694133146083,10.063052009187983,54.84099387952522,221.30071813077475,3.0008225889925297,238.05613584617447
16.307361476302134,10.41112241689995,47.551162209074754,199.31232917623,5.956080621428454,210.4435085465153
17.12805655118365,9.689309305711204,59.15992057940211,184.62215452018202,5.8764312649768655,205.64368882252236
13.41491933847379,11.13657724155415,58.00622356509766,220.71540820541446,3.7287830284399144,212.17304449856405
19.085373058136362,12.02135592902853,40.634309658642074,249.45289600981948,4.231676121510372,235.67692955117658
22.094912024622317,8.964035139664357,35.99212566004269,190.80708447269737,5.193524845470222,202.79131252370667
21.6215217208069,9.411809345687779,51.60277539993178,208.18807034232788,6.14383542879701,224.51672317663667
16.092317564726244,10.795684417600679,47.26037625224817,210.8468172072192,4.234000695971326,212.00215291877382
16.05689014572999,8.899552517021723,40.14460887437704,236.4638817104828,4.775874000946701,233.1043273150679
17.489006408285697,10.18253476697647,50.83930679515033,255.56902035123443,6.571346934977336,244.88049566514667
27.480303349231754,6.076584802229396,36.800034735130936,213.95804084698156,3.872652759148508,232.80334332657654
14.313481896671275,7.760200557204752,51.61226351326199,196.191466422641,5.947793980716858,206.91318751887565
19.104742028099007,7.34448904879175,43.750716124580805,269.7331566104288,5.4487681892348965,272.76074628071376
29.511809108394637,8.292752606545516,59.57164274192481,208.2267058802792,3.894185471443674,234.81645296932754
19.495125573355956,8.613390944138668,74.24489141161533,278.8925989396739,4.332132157826218,285.80256527952145
13.20079648089303,10.76461028509274,40.84020756313208,196.90386711902252,5.783277510302197,190.8636816072286
16.67615282362969,11.964226005045282,60.57664170942975,230.69614820968428,5.248959432712127,237.4872357795364
22.427299894524392,8.54523294182493,58.25149727768283,122.69557028773805,6.425098277467476,156.07440960719566
18.121985641651133,8.00632203524399,49.29805775694641,194.38040193312963,4.398216037908414,202.69845826949995
17.190618182251086,7.916622282020981,45.46353625942986,198.91027300195572,3.2855123036205236,202.0180902690584
18.280413829357705,9.170822547272653,65.75307706837485,162.08272912917272,6.0478269264782645,191.53980263738472
20.452483235696107,9.521941863694872,29.94542181763753,148.20535577888506,4.391378381565872,164.1174000916545
27.99254385572913,10.967235067676539,43.56805208406337,247.40796512759056,5.120340526822556,258.8708452862647
19.55717443930558,9.35735031566322,35.63156556342224,245.70793669638599,6.719041813851802,237.4413493514692
25.403997480757585,5.843021462279954,63.95313438946077,135.06340025767702,4.7495859476888045,187.27783481275893
23.153770578252832,9.817131448899723,48.09296567355143,221.2189397467171,6.549555327396977,234.89968450177193
19.431800522469295,12.374373621303112,44.75328800530329,144.3727340022457,3.902860350067554,154.45669548849372
12.33548998554701,12.38320253702065,81.84044474066329,147.4463386909221,5.925511236116236,173.40135844293414
17.394413412237398,8.422073563777541,49.49962732112372,226.27062241331777,5.246799211870998,229.7752638899748
17.550647734307628,6.9044469127248584,45.56250688133476,165.6987999953473,4.263228460648549,186.50441288405221
20.235772163807635,14.916120983730547,52.99865250136145,249.6739991061107,3.7199910611103455,234.0147017955239
26.500993388334102,9.675156115041162,34.31575379245031,201.92617995376727,5.076643663594508,214.0891655409559
31.465394869155467,9.805097499788765,54.90302642672067,226.80744878928618,5.255164762454082,263.47545611675804
27.737905294918846,10.841148377396294,49.03836798920033,173.81866510569193,5.277446817034678,199.18950836409078
19.33424517835528,6.771921086761761,54.68525122530146,142.43893325282036,5.536856022231548,191.62782929279064
11.217363022211813,8.543561777617425,40.17629364062146,245.73761205013778,4.539514434023289,230.75436351216334
18.056100679641283,6.919115189419982,39.770161578520565,211.9035745781357,4.488396277810419,221.79665853990048
20.44603611536647,8.613810771978809,43.065853367238155,188.04661202726467,5.23693787912763,204.54353698386447
24.22506502033718,10.237698866009122,42.320104269072175,203.46176632728682,4.458410828378302,227.5723425817803
24.812639842421355,7.270581084026176,62.990499666835895,266.2954171299623,6.219227647043073,294.9935969927346
23.421547147082322,11.179965358734625,65.7914556180809,165.0916682689964,5.174135875106149,194.77851123611774
13.023628251002663,10.578688057634672,48.43108046960933,162.52957777684094,4.384731683903522,159.29654327817985
24.248215228166774,8.191569948758723,46.4106343941532,169.01924736463226,3.193107035914672,191.93845744912457
17.767213917863888,10.452649884762128,46.709611695783316,120.75043658950668,4.356318894103961,136.7411651154078
20.874013500806278,11.496162324987687,50.69236477853016,240.9814068751871,7.046018852132816,252.03461834915504
20.372755885868674,12.122190506523484,50.96904233701055,209.6184823372123,4.439237578868935,213.2721957798909
22.14083382485253,9.574303442706945,52.90034387765571,210.35859871089644,4.164000694147142,222.75581615695086
20.1233749141307,9.81272641217791,42.53321058953744,197.83263228261563,5.652947502777847,212.78100035615705
11.662624512071686,9.82657173003615,41.53103611179681,174.4919779287945,5.441293124842934,179.0924740153442
23.68247982386721,12.88292351211009,61.970776637460844,158.82906931118882,5.751629056591275,181.919619043616
21.930132841748378,12.250143784555988,44.513726388966774,242.59282016463362,4.7220249148446625,238.2993283080742
18.671741873608887,11.668803135514079,53.030456952254504,128.6907663539924,6.122654216259672,152.71531815800515
20.590722555233402,9.425318400318615,49.43029466196668,222.01494709827057,3.8273911398019904,230.94945944613394
20.670193226842315,10.746482868332812,40.42150607849331,160.36941746211582,4.951123232026341,177.06574206308892
21.10509734280501,10.806580662441391,55.91061909411507,214.11551072727335,4.295859662782044,234.05295295019226
28.20423082988743,7.916653411421356,51.731048734929544,162.96547389049235,5.680758638017183,207.1156100917904
18.904748105332622,6.543390969358514,63.99783356212508,173.8329158657985,5.130006761402136,205.53607158072305
20.840326919423287,11.283660055303232,51.17459584626988,288.46829585135055,6.109708081770137,285.7832427042797
25.841919365345465,6.941378937639156,46.684542417991466,233.41413094667564,7.058500868981346,261.27430653888194
25.270905116884595,10.00336737696842,52.78294913305364,92.75514878621702,5.140655531724984,141.97711030361575
25.726315551901788,10.500495642696663,38.144083509646606,206.32062080501584,4.465383347801618,219.65790183915072
17.112659994702216,11.127734780611767,41.641059466064036,177.40935318713875,4.1764832734812964,182.07246641253968
30.012413651464147,10.378852475029621,55.10273251139431,143.16869061111655,4.7369660177693556,180.26133411124437
20.333504354650916,8.534292387405749,46.66879098776052,210.48929452155969,4.930398163639622,224.25507819518901
29.33425922353431,11.972731719790923,49.34039053647537,206.49827580096812,6.9918019147205746,230.52576213237046
13.245486569846442,13.47726753381249,48.847782905780505,183.57467137159583,3.870890457262232,167.19642189672805
20.104917931771187,11.762357617850885,43.49487381225471,298.63517836687254,3.906782563475118,279.3731704156426
26.24957285484608,6.112698197352049,29.813113409175827,87.56549665917213,4.592033309682221,137.8680298411995
16.42378906388602,12.799152370805889,53.48834970176593,241.91096936392458,5.587559463498312,233.5661253727268
16.23655515891129,9.887888107627465,57.616395076468585,185.54883647687134,5.821111859737407,202.25579931688333
15.307306481965531,11.04982855863858,37.11283764649875,232.82567052896914,4.092065300758153,223.12467670134498
14.737433603306318,11.244066471742121,64.82402718458607,177.30011496806588,5.127038606349588,191.8276514162957
17.814202334098006,9.80662785358659,53.85154823687235,170.3067718777451,4.957107022102424,185.19292737884538
21.65589586479491,9.849473604702547,63.41640294993872,114.48101668026868,6.1952064704257666,149.70841445001986
9.9289475103964,12.0383141386618,40.428295287577114,189.5275785863631,6.089192236502053,173.31127662287773
21.05990216686146,11.423203844972488,51.66781288354251,323.93729006785446,4.687719305565479,315.7137874357626
26.183375232082852,11.980524492088463,48.999860410611916,249.48511040646846,5.04599376666192,257.47480434383357
30.187870091202175,14.765853390460656,57.68507431881776,283.7786077913414,5.652722613401543,282.23622906838114
26.505879961002936,11.328831727388174,44.241404320873066,245.74826591570206,3.346507363403034,255.22125679229296
23.783873818979806,10.414762314770615,49.89902328047539,257.21313539809273,4.689729034519955,265.48717075760646
11.36634800442835,5.5787337788487585,32.21340851256055,245.14382072495536,5.574872884002481,234.57754805859778
16.99246645996609,15.383428006492231,42.223785571295,223.76962158825515,4.476767845619881,205.54419823941697
18.239767717086917,9.034646356407384,51.2503388366511,170.87356130014962,4.9400817986518115,195.95667586910133
23.517619513784474,14.74946943019079,42.936785076117765,173.35326313382623,4.978992464566293,186.90230294775012
19.471643329981127,10.749287136009976,49.5643051418852,119.95800018123558,4.276346785683687,141.57701367866161
13.70675685969914,13.076860397793588,45.320740260747804,199.70911430600037,4.0055201638216085,186.67219865621442
28.422178540470576,9.780579357647522,56.069301361614905,244.96778379283563,4.800132765001872,261.44125014590617
24.556956458979812,11.02294150939625,61.68488308749563,251.59612782630367,4.652972177192915,261.50512383050733
21.18715136245513,10.427915959284524,41.77498587192477,204.7566352227709,5.834095065661454,224.57570054705388
26.090543051629055,9.627758601253008,46.929634414052714,172.61861913890445,6.529882212494923,212.1423945639461
13.306128563825137,9.759212350755012,64.39761258369742,364.52587216592656,4.988077620633353,337.4899669045096
23.304101488949,12.025668671688509,28.010767458162928,236.8342765625212,5.398671992491547,228.63968420415438
17.38543811843289,9.597083706057001,46.80162208259265,271.0287652439568,4.9295846860942705,256.764708898456
23.418727609253562,5.9246350111184,70.64704284143343,183.1159679666338,5.601359843881131,239.91214501381586
19.69589022669963,9.608221502340344,71.93590069064254,198.10211864727026,5.218495462278797,223.41765302712628
23.164803565157253,11.079581211072547,51.565953233501496,222.4303548853363,5.236595501860209,231.7032727280714
26.67758807529696,11.23291143270288,41.363910493863614,283.8261155974147,6.112915127616002,291.95899895852915
20.036450451584493,11.233135634954868,51.654574194904384,184.42627272719363,4.0125788506045454,190.26273838912374
25.08779318476046,6.6157969582618374,43.47225604052981,242.68078333915346,6.4478640131254945,269.5135671940436
14.057829824260105,10.737484116022388,64.52817282291484,95.25926828398855,5.34911241217983,129.60272846856404
16.391977797819923,11.935718419894128,41.93517344296954,174.63727829591835,5.180822010712195,174.3745919121369
27.59608855694089,12.553157362935313,53.72911595208748,135.3995461618343,4.439758148869421,176.63294187330803
21.886939865119647,9.550077457911769,56.19850074568692,255.66813586785494,4.83612240841747,268.2193471933039
9.73888589783135,9.356214827634398,42.42489839304151,191.77734558598715,5.373684804430444,180.70994209031585
13.179812739588124,12.975675663756078,58.51524681506183,180.4812958996629,2.9362857426015783,178.35125091080891
18.996094922054393,6.6641439084413605,42.52070029083694,268.45499230992874,4.3984780511619075,267.0992465574444
24.32889702167244,9.12634004617375,56.3023982965398,255.81364291200126,5.5859916123058095,269.78995451500356
19.49058372142389,10.914924158714909,60.966616331035524,155.09893982662513,4.705518213648225,181.72905534708156
23.120937360103262,6.764452469237547,40.11557077616794,221.39332438048234,4.199472454515737,237.04206391004334
24.795026888939127,10.559255724863515,61.07995040979598,138.5777715743875,4.36430546886501,175.73880037655894
28.3552741443147,13.755728042104387,45.104671287875874,176.21924878944105,5.235749032414043,201.91976286784995
20.28008366637481,9.991878693127319,52.94353388436968,280.82888185734754,3.3651676151524916,270.73925312616655
19.740090469095506,9.443091950072828,52.01837472288769,272.50639756652214,5.871229240582206,281.94852370086755
11.233813204288651,10.949823428068107,45.72803613661798,255.45093777334188,2.831065325564052,241.2992996996666
20.49663797043914,9.441855658425387,52.68102869997785,171.4548056834838,4.496660477684442,195.98946482912132
17.140749710522183,11.626800748158129,37.695690745761624,105.9284264862223,4.212817521026514,121.42056589065253
15.129952085979543,11.80887092889939,48.638631278150356,141.2150907987921,3.751399790451581,145.269671010581
19.100468844762297,10.005383322460242,58.25790831665171,247.627826231376,3.922092659887046,253.75394891953127
25.07471586371829,7.646615684500546,28.258753507706864,185.47160569174562,5.250077353605602,205.0814511635757
10.036257556557088,7.363558545081824,35.12073812641745,91.869592721601,4.88022596878412,107.7990707627925
17.863603563972855,8.814005268689366,38.38062442403027,190.9906256141769,4.699147367547139,194.88359503534937
20.58318641791353,11.594761001099672,34.1091030585457,270.5119610562288,2.6792362244181445,257.80708347356364
15.533962149725234,6.08358965068615,54.195830392963586,232.1734320259767,3.675679288504214,244.62417930222992
21.669514712496124,6.227349682534909,40.07071650243989,158.9370728235289,4.868692887537297,195.36003125899316
22.057149603078653,8.692440350479794,28.35452914671027,122.70416739674879,4.12196484698694,156.47157247809832
19.834819203620043,10.788789695961169,43.624312349195506,158.67263871816058,4.203231069688992,169.12617389992056
7.670509031199863,8.172867903670015,46.09364748525194,201.72638356607612,6.049540712997702,199.1556024775099
32.85729072933319,11.77349807419212,58.567854737781104,244.40368504560286,5.1755883485173415,265.8280079287628
18.973503712659003,10.666739940310364,38.96247864001171,103.0029922604872,3.9561553783612298,121.47723500708426
23.255966407938352,9.65872076352278,61.61289255738696,251.16008776370614,4.531303984997786,270.79457641550573
21.36883245518274,11.637656273063559,53.98362715628605,200.2728863294011,4.715096518449131,208.41551775866716
25.12336617409175,10.776730325638736,53.623521576355444,228.4889484802914,4.3197048187648965,245.727221671215
24.088297231870442,9.108129945575687,41.474743296854975,117.33722183825648,4.035946389505436,147.0110498608283
18.951034143857456,10.462229868836321,69.53667879898038,166.66728099389093,4.948195917999606,190.188083232233
21.890838861042536,11.295026715955183,48.35729167902845,177.5882905367238,5.741194719519762,194.55368329014212
15.272955844380537,10.712566689724094,31.751024158216666,252.1945674154514,5.226852003567295,230.81806180437897
24.28461505449659,8.683979584101042,47.96143528607504,251.40870236977082,4.799852987284239,255.09548992738877
17.69480830557823,11.710404410128383,30.65555929267949,221.75452296241684,5.387820244768823,212.28701341183566
32.08386676894105,12.305872451117231,46.894898842133266,280.2106090811942,5.793918367051497,295.9314308981523
11.744755521559064,10.552549113086673,45.77772996810381,174.22944001273171,4.859486041751636,172.07708263102856
17.680063785169924,10.288209324924374,56.8182969040341,250.6268596886962,5.455805198945875,249.14610496851802
24.126899313796212,9.848749838440323,60.09496185737491,198.20299851046406,3.854427092914036,227.6000877750034
22.550662734393317,14.322831692605575,42.73895035098845,166.63289519117956,4.75034931183113,179.32182398746156
17.052594807425,10.552631064271585,58.061088683750256,246.16900191654187,4.579701724505958,233.41424060365324
15.016096288962387,9.683411942600111,64.24323109668764,269.05501654247496,5.195664503560041,271.7639564754339
20.722378523553484,4.984164395605491,42.15855995157354,243.91252080924247,5.3573195138429845,251.8398010184682
19.928462934165434,6.869436469938934,43.47595633500667,174.52982722888683,4.876382021002662,196.20227762845371
11.048593813679698,9.844653598778871,56.50778363153682,176.51061829224506,4.2337857772101986,172.83042637760616
20.172755335669255,10.412588089686196,51.83047969943935,268.88379234030015,4.070285783215281,263.0849198844472
20.951151578462287,10.553744917723229,55.48774960444283,217.64132032088742,5.2785206106020794,236.60019922221053
20.873631984909206,11.643013560897236,64.04684294547562,241.47869896605602,6.356836852275419,254.23242615254284
14.724914786986592,9.611695181359087,53.870831195763955,183.06490081678467,4.212864405070305,192.7908673175205
22.380666391513145,12.429177588965125,60.51701270175373,263.0517468232326,4.615201327702805,254.706543660424
26.8928506847962,8.156967914260845,56.229054623371944,159.56224275189035,5.330680560251943,204.05676669409385
22.281182015899063,7.5831145591138664,54.33620389808855,231.26757604333153,4.44537954993717,253.80726823244126
14.322057648128284,7.5420276448923715,53.860844381844124,159.14125172159441,5.121572314820453,182.24855011897583
17.821772651540474,11.484594048373037,62.9132330445808,76.8712491707116,4.95240388302164,106.70574808897783
21.730518097768034,9.834160115321549,39.97740126289345,132.85212446601648,4.223748409433317,161.25229392813458
16.764771843408656,11.579635843640999,38.948172708425055,206.8147599605081,5.831441251138312,195.48766346374447
9.211768324923614,9.46458715688583,55.91946003397209,244.14613748129136,5.84630783722297,240.76959203142502
24.421254100141045,8.816215795574374,48.803103358668864,112.43489584525925,6.024139506657201,151.78636697786894
15.85261194187741,9.263294849746988,50.740052116849604,137.4287765540237,6.267996586182376,162.4555034492779
17.132198646158585,6.294766351516541,57.41277377171399,288.22729982877433,4.493638212077425,292.9983390304373
27.519503045022674,7.660769479171771,57.53295047849076,178.3050325088368,4.535518103491695,214.95247346601798
16.129275351972975,7.1159307072831,47.373294966382225,225.28500659653008,5.26121800049174,238.4385316235924
24.228657700946478,12.108644543950696,46.87456131002897,173.65323393113397,5.630080976551625,193.1032552479269
13.696585605906122,8.8053398172744,50.73598609007869,185.07085574242475,4.660373843775096,195.4844290388701
18.227287984630113,11.57891970558036,60.630177892947444,204.36221033026186,4.576655191599519,213.47861727971267
19.63221990431761,13.032981203383915,54.26020486679005,200.54809213995028,4.381728472445348,208.6491513145563
14.156742877878223,9.616450381780115,64.33007510823194,190.37198944789674,6.482201890726742,203.75846916342996
16.826258675455453,10.567757812704702,49.92363129580028,176.51017574281306,2.4918336479585244,187.43309387535024
19.85579223535843,6.497864961207843,61.25667605220753,47.60695551006381,4.8324219662161205,104.41962064601668
23.35347984366965,8.362660444960394,58.83002311017246,293.4327750166852,5.038212877053534,305.9739708277168
11.747267282874454,10.112429698765677,56.1208346090007,289.52121041215185,3.9403903970064302,270.63807431040306
18.251228803943658,10.598173806672305,54.14700706778464,144.9459129140384,5.385425894820638,170.03560778071628
23.782032192727417,8.481203765402237,47.20117602857482,191.5946238945016,3.0329123161898934,210.44089621863733
17.305954200112037,15.369717998453599,48.909624908307684,268.76376523562465,5.954968861111919,247.78948982852404
21.13645960836471,9.083219721815222,52.29395495708467,249.9145011526101,3.336639415129404,253.20597217894903
22.461142850322158,10.128487113260077,50.48888890679286,263.8300809372886,2.797265119902974,269.58442037261307
21.339175076658414,11.299583734307035,59.43224468386221,146.4126540920102,4.236436174207972,168.79706692987153
23.26628839735691,9.947962730452009,48.90682876813569,328.8634048098984,5.162080393912321,330.63714090809657
19.3864566951131,8.712865225945771,49.296230784121725,143.32700201148361,4.348432835235836,172.418541976686
17.9316174320394,12.09061132792661,45.156809124343354,237.6958170941644,4.440713004722381,228.91898873061655
6.784255239855108,13.231090646414401,48.61663671456672,207.06379902228446,5.33320497505778,187.86538595419375
19.53529490760264,9.94061205790033,49.31234357696155,179.81448410189844,3.9410990785115487,193.2452066285799
22.151423481799934,11.124534690806133,26.86264226100585,181.02921009094902,4.914150454239527,189.37146918398304
22.67699420434075,9.805175002994739,36.35168302785683,150.43015937344984,5.497932992929394,175.34630390185515
17.22360824343374,12.032910435404323,49.27513090048041,281.13298978784036,6.633989656708609,269.9586191082816
28.897514548875748,7.687665211480294,47.34716225135501,204.47566138813758,5.4794518812401964,237.22150037281293
21.432122098144124,14.641720447988952,37.99130671792564,212.96089746071888,6.714762992166759,202.12137728010347
20.63157929229443,8.792937504423325,30.08461823956981,210.48164165305175,5.4531600335297155,208.08370501497063
26.361333897342597,7.082301171123815,46.45630780086573,181.24146234695667,4.99675887317464,214.91074457406756
16.407668893403702,9.298164345613861,56.534957656942765,143.29893776224762,2.7434651437506066,165.35663746487353
17.74830688037644,10.293416968290003,67.73238631927565,212.68631548419808,3.775341448069356,223.0994331574691
31.987262400248817,13.247242415360457,49.61543206290661,95.31802750205365,4.681037376261776,136.29973698456544
20.05564593610444,11.82241935354264,64.93184840627717,129.0716528582193,5.7122704558537825,169.71807399482606
28.167842107041533,10.284916864091572,50.83022157635968,146.18016525308096,4.6774864268218295,188.36645336792878
12.807466775427386,7.2210329520236805,51.155321042595595,146.06605686638233,5.543648621254837,174.4309041423978
19.047415989785492,8.267924510655773,53.24825313348747,205.35944082835402,3.9361886481612594,226.17220241787896
21.89211951818416,9.673430135541413,41.29422754739081,279.9243774162372,4.725870282649443,273.3824741685808
21.50019272602899,15.106052226921186,49.48281787105117,124.23379279675167,5.21700603247715,137.5765749767031
